{
  "presets": [
    "https://www.douyin.com",
    "https://www.bilibili.com"
  ],
  "last_url": "https://www.douyin.com",
  "recent": [],
  "chrome_path": "",
  "panel_topmost": true,
  "browser_topmost": false,
  "panel_icon_style": "blue",
  "remember_zoom": 0.85,
  "remember_alpha": 1.0,
  "panel_title": "牛马神器",
  "browser_title": "牛马神器",
  "panel_custom_icon_path": "",
  "browser_icon_style": "blue",
  "browser_custom_icon_path": "",
  "custom_icon_path": "",
  "browser_ratio": "4:3",
  "browser_size_level": "S",
  "browser_scale": 1.0,
  "browser_position": "bottom_right",
  "hotkey_toggle": "Ctrl+Win+Alt+0",
  "hotkey_lock": "Ctrl+Win+Alt+.",
  "hotkey_close": "Ctrl+Shift+Win+0",
  "hotkey_invisible": "Alt+Win+Space",
  "custom_status": "",
  "attach_enabled": false,
  "attach_side": "left",
  "merge_taskbar": false,
  "audio_enabled": true,
  "sync_taskbar_icon": true,
  "panel_tray_enabled": true,
  "browser_tray_enabled": false,
  "update_source": "auto",
  "last_release_ts": 0
}
